{
	"credit": "Made with Blockbench",
	"textures": {
		"1": "block/acacia_trapdoor-edge",
		"2": "block/acacia_trapdoor",
		"particle": "block/acacia_trapdoor"
	},
	"elements": [
		{
			"from": [14, 13, 0],
			"to": [16, 16, 14],
			"faces": {
				"north": {"uv": [0, 0, 2, 3], "texture": "#1"},
				"east": {"uv": [2, 0, 16, 3], "texture": "#1"},
				"south": {"uv": [0, 0, 2, 1], "texture": "#2"},
				"west": {"uv": [1, 0.5, 14, 2.5], "texture": "#1"},
				"up": {"uv": [0, 3, 2, 16], "rotation": 180, "texture": "#2"},
				"down": {"uv": [2, 2, 0, 16], "texture": "#2"}
			}
		},
		{
			"from": [2, 13, 14],
			"to": [16, 16, 16],
			"faces": {
				"north": {"uv": [0, 0, 14, 1], "texture": "#2"},
				"east": {"uv": [0, 0, 2, 3], "texture": "#1"},
				"south": {"uv": [2, 0, 16, 3], "texture": "#1"},
				"west": {"uv": [0, 0, 2, 1], "texture": "#2"},
				"up": {"uv": [0, 0, 14, 2], "rotation": 180, "texture": "#2"},
				"down": {"uv": [14, 0, 0, 2], "texture": "#2"}
			}
		},
		{
			"from": [0, 13, 2],
			"to": [2, 16, 16],
			"faces": {
				"north": {"uv": [0, 0, 2, 1], "texture": "#2"},
				"east": {"uv": [1, 0.5, 14, 2.5], "texture": "#1"},
				"south": {"uv": [0, 0, 2, 3], "texture": "#1"},
				"west": {"uv": [2, 0, 16, 3], "texture": "#1"},
				"up": {"uv": [14, 0, 16, 14], "rotation": 180, "texture": "#2"},
				"down": {"uv": [16, 0, 14, 14], "texture": "#2"}
			}
		},
		{
			"from": [0, 13, 0],
			"to": [14, 16, 2],
			"faces": {
				"north": {"uv": [2, 0, 16, 3], "texture": "#1"},
				"east": {"uv": [0, 0, 2, 1], "texture": "#2"},
				"south": {"uv": [0, 0, 14, 1], "texture": "#2"},
				"west": {"uv": [0, 0, 2, 3], "texture": "#1"},
				"up": {"uv": [2, 14, 16, 16], "rotation": 180, "texture": "#2"},
				"down": {"uv": [16, 14, 2, 16], "texture": "#2"}
			}
		},
		{
			"from": [9, 13, 3],
			"to": [12, 16, 13],
			"faces": {
				"north": {"uv": [0, 0, 3, 1], "texture": "#2"},
				"east": {"uv": [2, 0.5, 14, 2.5], "texture": "#1"},
				"south": {"uv": [0, 0, 3, 1], "texture": "#2"},
				"west": {"uv": [2, 0.5, 14, 2.5], "texture": "#1"},
				"up": {"uv": [9, 13, 12, 3], "rotation": 180, "texture": "#2"},
				"down": {"uv": [12, 3, 9, 13], "texture": "#2"}
			}
		},
		{
			"from": [4, 13, 3],
			"to": [7, 16, 13],
			"faces": {
				"north": {"uv": [0, 0, 3, 1], "texture": "#2"},
				"east": {"uv": [2, 0.5, 14, 2.5], "texture": "#1"},
				"south": {"uv": [0, 0, 3, 1], "texture": "#2"},
				"west": {"uv": [2, 0.5, 14, 2.5], "texture": "#1"},
				"up": {"uv": [12, 3, 9, 13], "texture": "#2"},
				"down": {"uv": [7, 3, 4, 13], "texture": "#2"}
			}
		},
		{
			"from": [2, 13, 13],
			"to": [14, 16, 14],
			"faces": {
				"north": {"uv": [1, 0.5, 15, 2.5], "texture": "#1"},
				"east": {"uv": [0, 0, 1, 1], "texture": "#2"},
				"south": {"uv": [0, 0, 12, 1], "texture": "#2"},
				"west": {"uv": [0, 0, 1, 1], "texture": "#2"},
				"up": {"uv": [2, 2, 14, 3], "rotation": 180, "texture": "#2"},
				"down": {"uv": [14, 2, 2, 3], "texture": "#2"}
			}
		},
		{
			"from": [2, 13, 2],
			"to": [14, 16, 3],
			"faces": {
				"north": {"uv": [0, 0, 12, 1], "texture": "#2"},
				"east": {"uv": [0, 0, 1, 1], "texture": "#2"},
				"south": {"uv": [2, 0.5, 14, 2.5], "texture": "#1"},
				"west": {"uv": [0, 0, 1, 1], "texture": "#2"},
				"up": {"uv": [2, 13, 14, 14], "rotation": 180, "texture": "#2"},
				"down": {"uv": [14, 13, 2, 14], "texture": "#2"}
			}
		},
		{
			"from": [5, 12.5, 0.5],
			"to": [11, 16.5, 1.5],
			"faces": {
				"north": {"uv": [5, 14.5, 11, 15.5], "texture": "#2"},
				"east": {"uv": [9, 14.5, 11, 15.5], "texture": "#2"},
				"south": {"uv": [5, 14.5, 11, 15.5], "texture": "#2"},
				"west": {"uv": [5, 14.5, 7, 15.5], "texture": "#2"},
				"up": {"uv": [5, 14.5, 11, 15.5], "rotation": 180, "texture": "#2"},
				"down": {"uv": [5, 14.5, 11, 15.5], "rotation": 180, "texture": "#2"}
			}
		}
	],
	"display": {
		"thirdperson_righthand": {
			"rotation": [75, 45, 0],
			"translation": [0, 2.5, 0],
			"scale": [0.375, 0.375, 0.375]
		},
		"thirdperson_lefthand": {
			"rotation": [75, 255, 0],
			"translation": [0, 2.5, 0],
			"scale": [0.375, 0.375, 0.375]
		},
		"firstperson_righthand": {
			"rotation": [0, 45, 0],
			"translation": [0, 2.5, 0],
			"scale": [0.4, 0.4, 0.4]
		},
		"firstperson_lefthand": {
			"rotation": [0, 225, 0],
			"translation": [0, 2.5, 0],
			"scale": [0.4, 0.4, 0.4]
		},
		"ground": {
			"translation": [0, 3, 0],
			"scale": [0.25, 0.25, 0.25]
		},
		"gui": {
			"rotation": [30, 225, 0],
			"scale": [0.625, 0.625, 0.625]
		},
		"fixed": {
			"scale": [0.5, 0.5, 0.5]
		}
	},
	"groups": [
		{
			"name": "group",
			"children": [0, 1, 2, 3, 4, 5, 6, 7, 8]
		}
	]
}