{
	"credit": "Made with Blockbench",
	"ambientocclusion": false,
	"textures": {
		"0": "block/birch_trapdoor",
		"1": "block/birch_trapdoor-edge",
		"particle": "block/birch_trapdoor"
	},
	"elements": [
		{
			"name": "midden",
			"from": [2, 2, 14.05],
			"to": [14, 14, 14.95],
			"faces": {
				"north": {"uv": [2, 2, 14, 14], "rotation": 180, "texture": "#0"},
				"east": {"uv": [0.5, 0, 15.5, 3], "rotation": 90, "texture": "#0"},
				"south": {"uv": [2, 2, 14, 14], "rotation": 180, "texture": "#0"},
				"west": {"uv": [0.5, 0, 15.5, 3], "rotation": 270, "texture": "#0"},
				"up": {"uv": [0, 0, 0, 0], "texture": "#0"},
				"down": {"uv": [0, 0, 0, 0], "rotation": 180, "texture": "#0"}
			}
		},
		{
			"from": [2, 0, 13],
			"to": [16, 2, 16],
			"faces": {
				"north": {"uv": [2, 0, 16, 2], "rotation": 180, "texture": "#0"},
				"east": {"uv": [14, 0, 16, 3], "rotation": 90, "texture": "#1"},
				"south": {"uv": [0, 0, 14, 2], "rotation": 180, "texture": "#0"},
				"west": {"uv": [0.5, 0, 15.5, 3], "rotation": 270, "texture": "#0"},
				"up": {"uv": [13.75, 2, 14, 13.75], "texture": "#0"},
				"down": {"uv": [0, 0, 14, 3], "rotation": 180, "texture": "#1"}
			}
		},
		{
			"from": [0, 14, 13],
			"to": [14, 16, 16],
			"faces": {
				"north": {"uv": [0, 14, 14, 16], "rotation": 180, "texture": "#0"},
				"east": {"uv": [0.5, 0, 15.5, 3], "rotation": 90, "texture": "#0"},
				"south": {"uv": [2, 14, 16, 16], "rotation": 180, "texture": "#0"},
				"west": {"uv": [14, 0, 16, 3], "rotation": 270, "texture": "#1"},
				"up": {"uv": [0, 0, 14, 3], "texture": "#1"},
				"down": {"uv": [2.25, 13.75, 14, 14], "rotation": 180, "texture": "#0"}
			}
		},
		{
			"from": [0, 0, 13],
			"to": [2, 14, 16],
			"faces": {
				"north": {"uv": [0, 0, 2, 14], "rotation": 180, "texture": "#0"},
				"east": {"uv": [2, 2.25, 2.25, 14], "rotation": 90, "texture": "#0"},
				"south": {"uv": [14, 0, 16, 14], "rotation": 180, "texture": "#0"},
				"west": {"uv": [0, 0, 14, 3], "rotation": 270, "texture": "#1"},
				"up": {"uv": [0.5, 0, 15.5, 3], "texture": "#0"},
				"down": {"uv": [14, 0, 16, 3], "rotation": 180, "texture": "#1"}
			}
		},
		{
			"from": [14, 2, 13],
			"to": [16, 16, 16],
			"faces": {
				"north": {"uv": [14, 2, 16, 16], "rotation": 180, "texture": "#0"},
				"east": {"uv": [0, 0, 14, 3], "rotation": 90, "texture": "#1"},
				"south": {"uv": [0, 2, 2, 16], "rotation": 180, "texture": "#0"},
				"west": {"uv": [13.75, 2, 14, 13.75], "rotation": 270, "texture": "#0"},
				"up": {"uv": [14, 0, 16, 3], "texture": "#1"},
				"down": {"uv": [0.5, 0, 15.5, 3], "rotation": 180, "texture": "#0"}
			}
		},
		{
			"from": [6, 13, 13],
			"to": [10, 14, 16],
			"faces": {
				"north": {"uv": [6, 13, 10, 14], "rotation": 180, "texture": "#0"},
				"east": {"uv": [8.5, 13.25, 9.25, 14], "rotation": 90, "texture": "#0"},
				"south": {"uv": [6, 13, 10, 14], "texture": "#0"},
				"west": {"uv": [8.5, 13.25, 9.25, 14], "rotation": 270, "texture": "#0"},
				"up": {"uv": [0, 0, 0, 0], "texture": "#0"},
				"down": {"uv": [6, 13, 10, 14], "rotation": 180, "texture": "#0"}
			}
		},
		{
			"from": [6.25, 14.25, 12.5],
			"to": [9.75, 15, 16.5],
			"faces": {
				"north": {"uv": [6.25, 14.25, 9.75, 15], "rotation": 180, "texture": "#0"},
				"east": {"uv": [6.25, 14.25, 7, 15], "rotation": 90, "texture": "#0"},
				"south": {"uv": [6.25, 14.25, 9.75, 15], "texture": "#0"},
				"west": {"uv": [6.25, 14.25, 7, 15], "rotation": 270, "texture": "#0"},
				"up": {"uv": [6.25, 14.25, 9.75, 15], "texture": "#0"},
				"down": {"uv": [6.25, 14.25, 9.75, 15], "rotation": 180, "texture": "#0"}
			}
		},
		{
			"from": [5.75, 13, 13.2],
			"to": [6, 13.75, 15.8],
			"faces": {
				"north": {"uv": [5.75, 13, 6, 13.75], "rotation": 180, "texture": "#0"},
				"east": {"uv": [0, 0, 0, 0], "rotation": 90, "texture": "#0"},
				"south": {"uv": [5, 12.25, 5.25, 13], "texture": "#0"},
				"west": {"uv": [5.75, 12.75, 10.25, 13], "rotation": 270, "texture": "#0"},
				"up": {"uv": [0.5, 0, 15.5, 3], "texture": "#0"},
				"down": {"uv": [14, 0, 16, 3], "rotation": 180, "texture": "#1"}
			}
		},
		{
			"from": [2, 2, 13.2],
			"to": [13.75, 2.25, 15.8],
			"faces": {
				"north": {"uv": [13.75, 2, 14, 13.75], "rotation": 180, "texture": "#0"},
				"east": {"uv": [14, 0, 16, 3], "rotation": 90, "texture": "#1"},
				"south": {"uv": [13.75, 2, 14, 13.75], "texture": "#0"},
				"west": {"uv": [0.5, 0, 15.5, 3], "rotation": 270, "texture": "#0"},
				"up": {"uv": [13.75, 2, 14, 13.75], "texture": "#0"},
				"down": {"uv": [0, 0, 14, 3], "rotation": 180, "texture": "#1"}
			}
		},
		{
			"from": [2.25, 13.75, 13.2],
			"to": [14, 14, 15.8],
			"faces": {
				"north": {"uv": [2.25, 13.75, 14, 14], "rotation": 180, "texture": "#0"},
				"east": {"uv": [14, 0, 16, 3], "rotation": 90, "texture": "#1"},
				"south": {"uv": [2.25, 13.75, 14, 14], "texture": "#0"},
				"west": {"uv": [0.5, 0, 15.5, 3], "rotation": 270, "texture": "#0"},
				"up": {"uv": [0, 0, 0, 0], "texture": "#0"},
				"down": {"uv": [2, 13.75, 13.75, 14], "rotation": 180, "texture": "#0"}
			}
		},
		{
			"from": [13.75, 2, 13.2],
			"to": [14, 13.75, 15.8],
			"faces": {
				"north": {"uv": [13.75, 2, 14, 13.75], "rotation": 180, "texture": "#0"},
				"east": {"uv": [0, 0, 0, 0], "rotation": 90, "texture": "#0"},
				"south": {"uv": [13.75, 2, 14, 13.75], "texture": "#0"},
				"west": {"uv": [13.75, 2, 14, 13.75], "rotation": 270, "texture": "#0"},
				"up": {"uv": [0.5, 0, 15.5, 3], "texture": "#0"},
				"down": {"uv": [14, 0, 16, 3], "rotation": 180, "texture": "#1"}
			}
		},
		{
			"from": [2, 2.25, 13.2],
			"to": [2.25, 14, 15.8],
			"faces": {
				"north": {"uv": [2, 2.25, 2.25, 14], "rotation": 180, "texture": "#0"},
				"east": {"uv": [2, 2.25, 2.25, 14], "rotation": 90, "texture": "#0"},
				"south": {"uv": [2, 2.25, 2.25, 14], "texture": "#0"},
				"west": {"uv": [0, 0, 0, 0], "rotation": 270, "texture": "#0"},
				"up": {"uv": [14, 0, 16, 3], "texture": "#1"},
				"down": {"uv": [0.5, 0, 15.5, 3], "rotation": 180, "texture": "#0"}
			}
		},
		{
			"from": [5.75, 12.75, 13.2],
			"to": [10.25, 13, 15.8],
			"faces": {
				"north": {"uv": [5.75, 12.75, 10.25, 13], "rotation": 180, "texture": "#0"},
				"east": {"uv": [10, 13, 10.25, 13.75], "rotation": 90, "texture": "#0"},
				"south": {"uv": [6, 12.75, 10.5, 13], "texture": "#0"},
				"west": {"uv": [5.75, 12.75, 10.25, 13], "rotation": 270, "texture": "#0"},
				"up": {"uv": [0, 0, 0, 0], "texture": "#0"},
				"down": {"uv": [5.75, 12.75, 10.25, 13], "rotation": 180, "texture": "#0"}
			}
		},
		{
			"from": [10, 13, 13.2],
			"to": [10.25, 13.75, 15.8],
			"faces": {
				"north": {"uv": [10, 13, 10.25, 13.75], "rotation": 180, "texture": "#0"},
				"east": {"uv": [10, 13, 10.25, 13.75], "rotation": 90, "texture": "#0"},
				"south": {"uv": [5, 12.25, 5.25, 13], "texture": "#0"},
				"west": {"uv": [0, 0, 14, 3], "rotation": 270, "texture": "#1"},
				"up": {"uv": [0.5, 0, 15.5, 3], "texture": "#0"},
				"down": {"uv": [14, 0, 16, 3], "rotation": 180, "texture": "#1"}
			}
		},
		{
			"from": [5.5, 12.75, 13.4],
			"to": [5.75, 13.5, 15.6],
			"faces": {
				"north": {"uv": [5.5, 12.5, 5.75, 13.25], "rotation": 180, "texture": "#0"},
				"east": {"uv": [0, 0, 0, 0], "rotation": 90, "texture": "#0"},
				"south": {"uv": [5, 12.25, 5.25, 13], "texture": "#0"},
				"west": {"uv": [5.75, 12.75, 10.25, 13], "rotation": 270, "texture": "#0"},
				"up": {"uv": [0.5, 0, 15.5, 3], "texture": "#0"},
				"down": {"uv": [14, 0, 16, 3], "rotation": 180, "texture": "#1"}
			}
		},
		{
			"from": [2, 2.25, 13.4],
			"to": [13.75, 2.5, 15.6],
			"faces": {
				"north": {"uv": [13.75, 2, 14, 13.75], "rotation": 180, "texture": "#0"},
				"east": {"uv": [14, 0, 16, 3], "rotation": 90, "texture": "#1"},
				"south": {"uv": [13.75, 2, 14, 13.75], "texture": "#0"},
				"west": {"uv": [0.5, 0, 15.5, 3], "rotation": 270, "texture": "#0"},
				"up": {"uv": [13.75, 2, 14, 13.75], "texture": "#0"},
				"down": {"uv": [0, 0, 14, 3], "rotation": 180, "texture": "#1"}
			}
		},
		{
			"from": [2.25, 13.5, 13.4],
			"to": [14, 13.75, 15.6],
			"faces": {
				"north": {"uv": [2.25, 13.75, 14, 14], "rotation": 180, "texture": "#0"},
				"east": {"uv": [14, 0, 16, 3], "rotation": 90, "texture": "#1"},
				"south": {"uv": [2.25, 13.75, 14, 14], "texture": "#0"},
				"west": {"uv": [0.5, 0, 15.5, 3], "rotation": 270, "texture": "#0"},
				"up": {"uv": [0, 0, 0, 0], "texture": "#0"},
				"down": {"uv": [2.25, 13.75, 14, 14], "rotation": 180, "texture": "#0"}
			}
		},
		{
			"from": [13.55, 2, 13.4],
			"to": [13.8, 13.75, 15.6],
			"faces": {
				"north": {"uv": [13.75, 2, 14, 13.75], "rotation": 180, "texture": "#0"},
				"east": {"uv": [0, 0, 0, 0], "rotation": 90, "texture": "#0"},
				"south": {"uv": [13.75, 2, 14, 13.75], "texture": "#0"},
				"west": {"uv": [13.75, 2, 14, 13.75], "rotation": 270, "texture": "#0"},
				"up": {"uv": [0.5, 0, 15.5, 3], "texture": "#0"},
				"down": {"uv": [14, 0, 16, 3], "rotation": 180, "texture": "#1"}
			}
		},
		{
			"from": [2.2, 2.25, 13.4],
			"to": [2.45, 14, 15.6],
			"faces": {
				"north": {"uv": [2, 2.25, 2.25, 14], "rotation": 180, "texture": "#0"},
				"east": {"uv": [2, 2.25, 2.25, 14], "rotation": 90, "texture": "#0"},
				"south": {"uv": [2, 2.25, 2.25, 14], "texture": "#0"},
				"west": {"uv": [0, 0, 0, 0], "rotation": 270, "texture": "#0"},
				"up": {"uv": [14, 0, 16, 3], "texture": "#1"},
				"down": {"uv": [0.5, 0, 15.5, 3], "rotation": 180, "texture": "#0"}
			}
		},
		{
			"from": [5.5, 12.5, 13.4],
			"to": [10.5, 12.75, 15.6],
			"faces": {
				"north": {"uv": [5.5, 12.5, 10.5, 12.75], "rotation": 180, "texture": "#0"},
				"east": {"uv": [10, 13, 10.25, 13.75], "rotation": 90, "texture": "#0"},
				"south": {"uv": [5, 12, 11, 12.25], "texture": "#0"},
				"west": {"uv": [5.75, 12.75, 10.25, 13], "rotation": 270, "texture": "#0"},
				"up": {"uv": [0, 0, 0, 0], "texture": "#0"},
				"down": {"uv": [5, 12, 11, 12.25], "rotation": 180, "texture": "#0"}
			}
		},
		{
			"from": [10.25, 12.75, 13.4],
			"to": [10.5, 13.5, 15.6],
			"faces": {
				"north": {"uv": [10, 13, 10.25, 13.75], "rotation": 180, "texture": "#0"},
				"east": {"uv": [10, 13, 10.25, 13.75], "rotation": 90, "texture": "#0"},
				"south": {"uv": [5, 12.25, 5.25, 13], "texture": "#0"},
				"west": {"uv": [0, 0, 14, 3], "rotation": 270, "texture": "#1"},
				"up": {"uv": [0.5, 0, 15.5, 3], "texture": "#0"},
				"down": {"uv": [14, 0, 16, 3], "rotation": 180, "texture": "#1"}
			}
		},
		{
			"from": [5.25, 12.5, 13.6],
			"to": [5.5, 13.25, 15.4],
			"faces": {
				"north": {"uv": [5.25, 12.5, 5.5, 13.25], "rotation": 180, "texture": "#0"},
				"east": {"uv": [0, 0, 0, 0], "rotation": 90, "texture": "#0"},
				"south": {"uv": [5, 12.25, 5.25, 13], "texture": "#0"},
				"west": {"uv": [5.75, 12.75, 10.25, 13], "rotation": 270, "texture": "#0"},
				"up": {"uv": [0.5, 0, 15.5, 3], "texture": "#0"},
				"down": {"uv": [14, 0, 16, 3], "rotation": 180, "texture": "#1"}
			}
		},
		{
			"from": [2, 2.5, 13.6],
			"to": [13.75, 2.75, 15.4],
			"faces": {
				"north": {"uv": [13.75, 2, 14, 13.75], "rotation": 180, "texture": "#0"},
				"east": {"uv": [14, 0, 16, 3], "rotation": 90, "texture": "#1"},
				"south": {"uv": [13.75, 2, 14, 13.75], "texture": "#0"},
				"west": {"uv": [0.5, 0, 15.5, 3], "rotation": 270, "texture": "#0"},
				"up": {"uv": [13.75, 2, 14, 13.75], "texture": "#0"},
				"down": {"uv": [0, 0, 14, 3], "rotation": 180, "texture": "#1"}
			}
		},
		{
			"from": [2.25, 13.25, 13.6],
			"to": [14, 13.5, 15.4],
			"faces": {
				"north": {"uv": [2.25, 13.75, 14, 14], "rotation": 180, "texture": "#0"},
				"east": {"uv": [14, 0, 16, 3], "rotation": 90, "texture": "#1"},
				"south": {"uv": [2.25, 13.75, 14, 14], "texture": "#0"},
				"west": {"uv": [0.5, 0, 15.5, 3], "rotation": 270, "texture": "#0"},
				"up": {"uv": [0, 0, 0, 0], "texture": "#0"},
				"down": {"uv": [2.25, 13.75, 14, 14], "rotation": 180, "texture": "#0"}
			}
		},
		{
			"from": [13.3, 2, 13.6],
			"to": [13.55, 13.75, 15.4],
			"faces": {
				"north": {"uv": [13.75, 2, 14, 13.75], "rotation": 180, "texture": "#0"},
				"east": {"uv": [0, 0, 0, 0], "rotation": 90, "texture": "#0"},
				"south": {"uv": [13.75, 2, 14, 13.75], "texture": "#0"},
				"west": {"uv": [13.75, 2, 14, 13.75], "rotation": 270, "texture": "#0"},
				"up": {"uv": [0.5, 0, 15.5, 3], "texture": "#0"},
				"down": {"uv": [14, 0, 16, 3], "rotation": 180, "texture": "#1"}
			}
		},
		{
			"from": [2.45, 2.25, 13.6],
			"to": [2.7, 14, 15.4],
			"faces": {
				"north": {"uv": [2, 2.25, 2.25, 14], "rotation": 180, "texture": "#0"},
				"east": {"uv": [2, 2.25, 2.25, 14], "rotation": 90, "texture": "#0"},
				"south": {"uv": [2, 2.25, 2.25, 14], "texture": "#0"},
				"west": {"uv": [0, 0, 0, 0], "rotation": 270, "texture": "#0"},
				"up": {"uv": [14, 0, 16, 3], "texture": "#1"},
				"down": {"uv": [0.5, 0, 15.5, 3], "rotation": 180, "texture": "#0"}
			}
		},
		{
			"from": [5.25, 12.25, 13.6],
			"to": [10.75, 12.5, 15.4],
			"faces": {
				"north": {"uv": [5.25, 12.25, 10.75, 12.5], "rotation": 180, "texture": "#0"},
				"east": {"uv": [10, 13, 10.25, 13.75], "rotation": 90, "texture": "#0"},
				"south": {"uv": [5, 12, 11, 12.25], "texture": "#0"},
				"west": {"uv": [5.75, 12.75, 10.25, 13], "rotation": 270, "texture": "#0"},
				"up": {"uv": [0, 0, 0, 0], "texture": "#0"},
				"down": {"uv": [5.75, 12.75, 10.25, 13], "rotation": 180, "texture": "#0"}
			}
		},
		{
			"from": [10.5, 12.5, 13.6],
			"to": [10.75, 13.25, 15.4],
			"faces": {
				"north": {"uv": [10, 13, 10.25, 13.75], "rotation": 180, "texture": "#0"},
				"east": {"uv": [10, 13, 10.25, 13.75], "rotation": 90, "texture": "#0"},
				"south": {"uv": [5, 12.25, 5.25, 13], "texture": "#0"},
				"west": {"uv": [0, 0, 14, 3], "rotation": 270, "texture": "#1"},
				"up": {"uv": [0.5, 0, 15.5, 3], "texture": "#0"},
				"down": {"uv": [14, 0, 16, 3], "rotation": 180, "texture": "#1"}
			}
		},
		{
			"from": [5, 12.25, 13.8],
			"to": [5.25, 13, 15.15],
			"faces": {
				"north": {"uv": [5.75, 13, 6, 13.75], "rotation": 180, "texture": "#0"},
				"east": {"uv": [0, 0, 0, 0], "rotation": 90, "texture": "#0"},
				"south": {"uv": [5, 12.25, 5.25, 13], "texture": "#0"},
				"west": {"uv": [5.75, 12.75, 10.25, 13], "rotation": 270, "texture": "#0"},
				"up": {"uv": [0.5, 0, 15.5, 3], "texture": "#0"},
				"down": {"uv": [14, 0, 16, 3], "rotation": 180, "texture": "#1"}
			}
		},
		{
			"from": [2, 2.75, 13.8],
			"to": [13.75, 3, 15.15],
			"faces": {
				"north": {"uv": [13.75, 2, 14, 13.75], "rotation": 180, "texture": "#0"},
				"east": {"uv": [14, 0, 16, 3], "rotation": 90, "texture": "#1"},
				"south": {"uv": [13.75, 2, 14, 13.75], "texture": "#0"},
				"west": {"uv": [0.5, 0, 15.5, 3], "rotation": 270, "texture": "#0"},
				"up": {"uv": [13.75, 2, 14, 13.75], "texture": "#0"},
				"down": {"uv": [0, 0, 14, 3], "rotation": 180, "texture": "#1"}
			}
		},
		{
			"from": [2.25, 13, 13.8],
			"to": [14, 13.25, 15.15],
			"faces": {
				"north": {"uv": [2.25, 13.75, 14, 14], "rotation": 180, "texture": "#0"},
				"east": {"uv": [14, 0, 16, 3], "rotation": 90, "texture": "#1"},
				"south": {"uv": [2.25, 13.75, 14, 14], "texture": "#0"},
				"west": {"uv": [0.5, 0, 15.5, 3], "rotation": 270, "texture": "#0"},
				"up": {"uv": [0, 0, 0, 0], "texture": "#0"},
				"down": {"uv": [2.25, 13.75, 14, 14], "rotation": 180, "texture": "#0"}
			}
		},
		{
			"from": [13.05, 2, 13.8],
			"to": [13.3, 13.75, 15.15],
			"faces": {
				"north": {"uv": [13.75, 2, 14, 13.75], "rotation": 180, "texture": "#0"},
				"east": {"uv": [0, 0, 0, 0], "rotation": 90, "texture": "#0"},
				"south": {"uv": [13.75, 2, 14, 13.75], "texture": "#0"},
				"west": {"uv": [13.75, 2, 14, 13.75], "rotation": 270, "texture": "#0"},
				"up": {"uv": [0.5, 0, 15.5, 3], "texture": "#0"},
				"down": {"uv": [14, 0, 16, 3], "rotation": 180, "texture": "#1"}
			}
		},
		{
			"from": [2.7, 2.25, 13.8],
			"to": [2.95, 14, 15.15],
			"faces": {
				"north": {"uv": [2, 2.25, 2.25, 14], "rotation": 180, "texture": "#0"},
				"east": {"uv": [2, 2.25, 2.25, 14], "rotation": 90, "texture": "#0"},
				"south": {"uv": [2, 2.25, 2.25, 14], "texture": "#0"},
				"west": {"uv": [0, 0, 0, 0], "rotation": 270, "texture": "#0"},
				"up": {"uv": [14, 0, 16, 3], "texture": "#1"},
				"down": {"uv": [0.5, 0, 15.5, 3], "rotation": 180, "texture": "#0"}
			}
		},
		{
			"from": [5, 12, 13.8],
			"to": [11, 12.25, 15.15],
			"faces": {
				"north": {"uv": [5, 12, 11, 12.25], "rotation": 180, "texture": "#0"},
				"east": {"uv": [10, 13, 10.25, 13.75], "rotation": 90, "texture": "#0"},
				"south": {"uv": [5, 12, 11, 12.25], "texture": "#0"},
				"west": {"uv": [5.75, 12.75, 10.25, 13], "rotation": 270, "texture": "#0"},
				"up": {"uv": [0, 0, 0, 0], "texture": "#0"},
				"down": {"uv": [5.75, 12.75, 10.25, 13], "rotation": 180, "texture": "#0"}
			}
		},
		{
			"from": [10.75, 12.25, 13.8],
			"to": [11, 13, 15.15],
			"faces": {
				"north": {"uv": [10, 13, 10.25, 13.75], "rotation": 180, "texture": "#0"},
				"east": {"uv": [10, 13, 10.25, 13.75], "rotation": 90, "texture": "#0"},
				"south": {"uv": [5, 12.25, 5.25, 13], "texture": "#0"},
				"west": {"uv": [0, 0, 14, 3], "rotation": 270, "texture": "#1"},
				"up": {"uv": [0.5, 0, 15.5, 3], "texture": "#0"},
				"down": {"uv": [14, 0, 16, 3], "rotation": 180, "texture": "#1"}
			}
		}
	],
	"display": {
		"thirdperson_righthand": {
			"rotation": [75, 45, 0],
			"translation": [0, 2.5, 0],
			"scale": [0.375, 0.375, 0.375]
		},
		"thirdperson_lefthand": {
			"rotation": [75, 255, 0],
			"translation": [0, 2.5, 0],
			"scale": [0.375, 0.375, 0.375]
		},
		"firstperson_righthand": {
			"rotation": [0, 45, 0],
			"translation": [0, 2.5, 0],
			"scale": [0.4, 0.4, 0.4]
		},
		"firstperson_lefthand": {
			"rotation": [0, 225, 0],
			"translation": [0, 2.5, 0],
			"scale": [0.4, 0.4, 0.4]
		},
		"ground": {
			"translation": [0, 3, 0],
			"scale": [0.25, 0.25, 0.25]
		},
		"gui": {
			"rotation": [30, 225, 0],
			"scale": [0.625, 0.625, 0.625]
		},
		"fixed": {
			"scale": [0.5, 0.5, 0.5]
		}
	},
	"groups": [0,
		{
			"name": "buitenkant",
			"children": [
				{
					"name": "group",
					"children": [1, 2, 3, 4, 5, 6]
				},
				{
					"name": "binnenkant",
					"children": [
						{
							"name": "laag1",
							"children": [7, 8, 9, 10, 11, 12, 13]
						},
						{
							"name": "laag2",
							"children": [14, 15, 16, 17, 18, 19, 20]
						},
						{
							"name": "laag3",
							"children": [21, 22, 23, 24, 25, 26, 27]
						},
						{
							"name": "laag4",
							"children": [28, 29, 30, 31, 32, 33, 34]
						}
					]
				}
			]
		}
	]
}